Table 33 : GDP and its main expenditure components in chained (2020) dollars,,,,,,,,,,,,,,,,,,
https://www.censtatd.gov.hk/en/web_table.html?id=33#,,,,,,,,,,,,,,,,,,
,,In chained (2020) dollars (1),In chained (2020) dollars (1),In chained (2020) dollars (1),In chained (2020) dollars (1),In chained (2020) dollars (1),In chained (2020) dollars (1),In chained (2020) dollars (1),In chained (2020) dollars (1),In chained (2020) dollars (1),In chained (2020) dollars (1),In chained (2020) dollars (1),In chained (2020) dollars (1),In chained (2020) dollars (1),In chained (2020) dollars (1),In chained (2020) dollars (1),In chained (2020) dollars (1),In chained (2020) dollars (1)
,,HK$ million,HK$ million,HK$ million,HK$ million,HK$ million,HK$ million,HK$ million,HK$ million,HK$ million,Year-on-year % change,Year-on-year % change,Year-on-year % change,Year-on-year % change,Year-on-year % change,Year-on-year % change,Year-on-year % change,Year-on-year % change
GDP expenditure component,,GDP,Private consumption expenditure,Government consumption expenditure,Gross domestic fixed capital formation,Changes in inventories,Exports of goods (f.o.b.) (2),Exports of services (2),Imports of goods (f.o.b.) (2),Imports of services (2),GDP,Private consumption expenditure,Government consumption expenditure,Gross domestic fixed capital formation,Exports of goods (f.o.b.) (2),Exports of services (2),Imports of goods (f.o.b.) (2),Imports of services (2)
Year,Quarter,,,,,,,,,,,,,,,,,
1961,,108148,60226,15242,27456,651,22286,31785,31622,8139,N.A.,N.A.,N.A.,N.A.,N.A.,N.A.,N.A.,N.A.
1962,,123604,66681,15922,37007,756,25360,32993,36806,9073,14.3,10.7,4.5,34.8,13.8,3.8,16.4,11.5
1963,,143089,73207,17584,49901,882,27667,34200,40526,9767,15.8,9.8,10.4,34.8,9.1,3.7,10.1,7.7
1964,,155435,79715,19318,55632,967,31508,35809,44996,10501,8.6,8.9,9.9,11.5,13.9,4.7,11,7.5
1965,,178194,90105,20875,62080,1126,36117,36837,47255,11088,14.6,13,8.1,11.6,14.6,2.9,5,5.6
1966,,181392,101068,23217,53961,1137,43036,37848,53951,12334,1.8,12.2,11.2,-13.1,19.2,2.7,14.2,11.2
1967,,184301,102492,25613,44649,1157,49182,40474,55483,12591,1.6,1.4,10.3,-17.3,14.3,6.9,2.8,2.1
1968,,190562,112764,27042,40590,1200,56099,44368,64419,14342,3.4,10,5.6,-9.1,14.1,9.6,16.1,13.9
1969,,212178,122485,29496,42261,1336,66087,49465,71895,15845,11.3,8.6,9.1,4.1,17.8,11.5,11.6,10.5
1970,,231713,135376,30994,48232,1464,72237,55800,80860,17553,9.2,10.5,5.1,14.1,9.3,12.8,12.5,10.8
1971,,248612,152795,31943,59693,1569,76850,55197,91330,19587,7.3,12.9,3.1,23.8,6.4,-1.1,12.9,11.6
1972,,274995,164393,34016,65185,1737,82998,60940,95128,21378,10.6,7.6,6.5,9.2,8,10.4,4.2,9.1
1973,,308764,186063,37545,72825,1958,93758,62540,104894,23580,12.3,13.2,10.4,11.7,13,2.6,10.3,10.3
1974,,316221,182712,40976,71630,3316,89914,61165,96048,22852,2.4,-1.8,9.1,-1.6,-4.1,-2.2,-8.4,-3.1
1975,,317777,189495,43731,73062,2663,90683,62302,99131,24441,0.5,3.7,6.7,2,0.9,1.9,3.2,7
1976,,369143,203778,46423,83091,12774,116813,74636,123855,28520,16.2,7.5,6.2,13.7,28.8,19.8,24.9,16.7
1977,,412428,237848,50486,104581,7025,122193,77022,132912,31857,11.7,16.7,8.8,25.9,4.6,3.2,7.3,11.7
1978,,446498,278470,55239,115326,8067,137562,86055,161449,37228,8.3,17.1,9.4,10.3,12.6,11.7,21.5,16.9
1979,,498098,304788,60820,132517,11013,165229,94114,187057,46838,11.6,9.5,10.1,14.9,20.1,9.4,15.9,25.8
1980,,548447,341888,65504,159302,11077,196273,95923,222369,56271,10.1,12.2,7.7,20.2,18.8,1.9,18.9,20.1
1981,,599238,367883,79332,174042,11236,224036,105512,247917,65472,9.3,7.6,21.1,9.3,14.1,10,11.5,16.4
1982,,616914,387134,83873,177362,3506,216702,109469,240340,67257,2.9,5.2,5.7,1.9,-3.3,3.7,-3.1,2.7
1983,,653787,417035,89234,162898,9531,246389,116268,259719,77097,6,7.7,6.4,-8.2,13.7,6.2,8.1,14.6
1984,,718994,441444,92946,167308,11848,299403,127796,294856,89552,10,5.9,4.2,2.7,21.5,9.9,13.5,16.2
1985,,724438,460650,95682,167477,3043,314938,134246,309983,97460,0.8,4.4,2.9,0.1,5.2,5,5.1,8.8
1986,,804533,500158,101732,177765,13044,356542,151493,342770,112966,11.1,8.6,6.3,6.1,13.2,12.8,10.6,15.9
1987,,912328,553414,105161,202955,19237,465726,177344,438216,138414,13.4,10.6,3.4,14.2,30.6,17.1,27.8,22.5
1988,,989982,605271,109372,219472,26310,579243,191165,543108,165326,8.5,9.4,4,8.1,24.4,7.8,23.9,19.4
1989,,1012524,628436,115096,228118,6206,628203,192378,576697,178918,2.3,3.8,5.2,3.9,8.4,0.6,6.2,8.2
1990,,1051309,667788,121165,246779,10525,677492,198651,630319,203405,3.8,6.2,5.3,8.2,7.9,3.3,9.3,13.7
1991,,1111255,729616,130990,270041,7500,785800,207497,736721,240029,5.7,9.3,8.1,9.4,16,4.5,16.9,18
1992,,1180541,792231,148677,294250,11191,939029,226335,904578,273235,6.2,9.2,8.8,9,19.5,9.1,22.8,13.8
1993,,1253748,854394,152574,302910,4277,1064849,240210,1030118,280350,6.2,7.8,2.6,2.9,13.4,6.1,13.9,2.6
1994,,1329425,909919,158637,348260,34772,1169941,254876,1173900,310831,6,6.5,4,15,9.9,6.1,14,10.9
1995,,1360983,924742,163831,373657,68324,1304165,260611,1358592,312431,2.4,1.6,3.3,7.3,11.5,2.2,15.7,0.5
1996,,1418941,959187,170500,413531,16040,1379039,284288,1411030,341303,4.3,3.7,4.1,10.7,5.7,9.1,3.9,9.2
1997,,1491303,1012323,175392,470118,19240,1495183,271378,1539806,364861,5.1,5.5,2.9,13.7,8.4,-4.6,9.1,6.9
1998,,1403574,956681,177352,435358,-25809,1418658,252002,1382875,386159,-5.9,-5.5,1.1,-7.4,-5.1,-7.1,-10.2,5.8
1999,,1438758,966683,183518,364234,-16522,1447346,277634,1342079,385854,2.5,1,3.5,-16.3,2,10.2,-3,-0.1
2000,,1549017,1010336,188008,392923,21931,1715618,300019,1613074,412551,7.7,4.5,2.4,7.9,18.5,8.1,20.2,6.9
2001,,1557704,1024485,199913,403741,-7312,1684831,309933,1589690,415773,0.6,1.4,6.3,2.8,-1.8,3.3,-1.4,0.8
2002,,1583510,1013765,205649,388032,9861,1825763,339943,1725295,423130,1.7,-1,2.9,-3.9,8.4,9.7,8.5,1.8
2003,,1631907,997978,210537,393909,14634,2097105,351335,1992369,408535,3.1,-1.6,2.4,1.5,14.9,3.4,15.5,-3.4
2004,,1773884,1069106,213456,407130,12022,2425175,417929,2294842,453688,8.7,7.1,1.4,3.4,15.6,19,15.2,11.1
2005,,1904942,1106992,207973,423512,-7146,2726294,462590,2505190,499261,7.4,3.5,-2.6,4,12.4,10.7,9.2,10
2006,,2038909,1174470,209828,453446,-2116,3005346,508019,2740891,559406,7,6.1,0.9,7.1,10.2,9.8,9.4,12
2007,,2170721,1276040,216462,467779,19268,3211949,588646,3010933,591062,6.5,8.6,3.2,3.2,6.9,15.9,9.9,5.7
2008,,2216913,1300278,220847,474280,11380,3316060,617760,3123328,597605,2.1,1.9,2,1.4,3.2,4.9,3.7,1.1
2009,,2162398,1302609,225977,457835,32866,2942843,628206,2906135,520361,-2.5,0.2,2.3,-3.5,-11.2,1.7,-7,-12.9
2010,,2308742,1382251,233553,493048,52035,3473480,724393,3483865,572562,6.8,6.1,3.4,7.7,18,15.3,19.9,10
2011,,2419901,1498259,239284,543487,14744,3634348,765399,3716010,571376,4.8,8.4,2.5,10.2,4.6,5.7,6.7,-0.2
2012,,2461047,1559728,247803,580376,-3616,3754481,786242,3886020,584149,1.7,4.1,3.6,6.8,3.3,2.7,4.6,2.2
2013,,2537377,1631787,254505,595256,-1263,4062752,833037,4271480,571721,3.1,4.6,2.7,2.6,8.2,6,9.9,-2.1
2014,,2607470,1686285,262302,594580,8383,4096871,846488,4334469,559376,2.8,3.3,3.1,-0.1,0.8,1.6,1.5,-2.2
2015,,2669732,1766577,271282,575663,-21408,4026157,849320,4218599,587082,2.4,4.8,3.4,-3.2,-1.7,0.3,-2.7,5
2016,,2727810,1801992,280615,575009,470,4088899,819426,4248467,598813,2.2,2,3.4,-0.1,1.6,-3.5,0.7,2
2017,,2831361,1901060,288580,592978,12699,4352693,842044,4557399,611036,3.8,5.5,2.8,3.1,6.5,2.8,7.3,2
2018,,2911968,2001639,300819,602995,12026,4503552,881045,4772667,627959,2.8,5.3,4.2,1.7,3.5,4.6,4.7,2.8
2019,,2863098,1985677,316068,512930,-2700,4258026,796044,4379107,628721,-1.7,-0.8,5.1,-14.9,-5.5,-9.6,-8.2,0.1
2020 r,,2675708,1777537,340931,453867,52008,4198338,518947,4239663,426257,-6.5,-10.5,7.9,-11.5,-1.4,-34.8,-3.2,-32.2
2021 r,,2845431,1872673,356711,498370,9985,4992806,526670,4978184,433600,6.3,5.4,4.6,9.8,18.9,1.5,17.4,1.7
1973,Q1,75733,44919,9058,18617,3042,19987,16331,23200,5719,N.A.,N.A.,N.A.,N.A.,N.A.,N.A.,N.A.,N.A.
1973,Q2,75087,44539,8492,19183,469,21743,15796,24739,5572,N.A.,N.A.,N.A.,N.A.,N.A.,N.A.,N.A.,N.A.
1973,Q3,80172,46294,9649,17390,849,26749,15527,26624,6211,N.A.,N.A.,N.A.,N.A.,N.A.,N.A.,N.A.,N.A.
1973,Q4,77552,51258,10224,17395,-289,25856,15024,28832,5902,N.A.,N.A.,N.A.,N.A.,N.A.,N.A.,N.A.,N.A.
1974,Q1,80396,43175,9738,17734,6709,22297,17367,23038,5908,6.2,-3.9,7.5,-4.7,11.6,6.3,-0.7,3.3
1974,Q2,77023,47220,9275,18096,158,24049,16159,26811,5971,2.6,6,9.2,-5.7,10.6,2.3,8.4,7.2
1974,Q3,83394,46591,10990,18644,2252,23673,14727,23666,5958,4,0.6,13.9,7.2,-11.5,-5.2,-11.1,-4.1
1974,Q4,74856,46687,10847,16918,-1368,20489,12980,21041,4833,-3.5,-8.9,6.1,-2.7,-20.8,-13.6,-27,-18.1
1975,Q1,76747,45185,11159,17734,576,19027,15703,20642,5986,-4.5,4.7,14.6,0,-14.7,-9.6,-10.4,1.3
1975,Q2,78678,45392,10614,17915,535,21741,15531,22923,5638,2.1,-3.9,14.4,-1,-9.6,-3.9,-14.5,-5.6
1975,Q3,83348,47524,10793,18284,2530,25019,15831,25927,6562,-0.1,2,-1.8,-1.9,5.7,7.5,9.6,10.1
1975,Q4,78838,52037,11117,18950,-851,25278,15267,28704,6104,5.3,11.5,2.5,12,23.4,17.6,36.4,26.3
1976,Q1,90130,46101,11568,20266,20030,26334,19321,28484,7065,17.4,2,3.7,14.3,38.4,23,38,18
1976,Q2,88993,51523,11162,20570,1237,29049,18763,31157,7056,13.1,13.5,5.2,14.8,33.6,20.8,35.9,25.1
1976,Q3,95543,48983,11780,20676,4688,30793,18527,30624,7399,14.6,3.1,9.1,13.1,23.1,17,18.1,12.8
1976,Q4,95000,57867,11806,21462,545,31026,18015,32649,6919,20.5,11.2,6.2,13.3,22.7,18,13.7,13.3
1977,Q1,99856,52105,12750,25746,22012,26526,20381,30554,7865,10.8,13,10.2,27,0.7,5.5,7.3,11.3
1977,Q2,98284,57215,12025,25637,1722,29821,19609,33421,7952,10.4,11,7.7,24.6,2.7,4.5,7.3,12.7
1977,Q3,107665,61561,12484,25635,329,32525,18613,31584,8238,12.7,25.7,6,24,5.6,0.5,3.1,11.3
1977,Q4,106639,67684,13088,27440,-1251,33324,18364,36411,7684,12.3,17,10.9,27.9,7.4,1.9,11.5,11.1
1978,Q1,110889,62717,13972,28985,28613,27679,21227,34501,9178,11,20.4,9.6,12.6,4.3,4.2,12.9,16.7
1978,Q2,111920,67399,13073,28472,2516,34053,21848,39058,8796,13.9,17.8,8.7,11.1,14.2,11.4,16.9,10.6
1978,Q3,111590,70316,13949,28264,-925,36953,21493,40031,9735,3.6,14.2,11.7,10.3,13.6,15.5,26.7,18.2
1978,Q4,112464,78906,14118,29591,-1361,39075,21411,46917,9511,5.5,16.6,7.9,7.8,17.3,16.6,28.9,23.8
1979,Q1,119580,70228,15816,33463,18112,34023,24048,41261,11213,7.8,12,13.2,15.5,22.9,13.3,19.6,22.2
1979,Q2,123112,74503,14290,31548,4611,40787,24423,46591,11465,10,10.5,9.3,10.8,19.8,11.8,19.3,30.4
1979,Q3,126841,77383,14945,32924,627,45231,23220,47374,12369,13.7,10.1,7.1,16.5,22.4,8,18.3,27.1
1979,Q4,129033,83198,15664,34615,1196,45775,22423,51260,11730,14.7,5.4,10.9,17,17.1,4.7,9.3,23.3
1980,Q1,127608,80048,16160,39526,10106,41388,24074,49538,13814,6.7,14,2.2,18.1,21.6,0.1,20.1,23.2
1980,Q2,137774,82222,15481,39270,4928,50291,25089,56174,13943,11.9,10.4,8.3,24.5,23.3,2.7,20.6,21.6
1980,Q3,143247,87473,16206,40708,7,52821,23884,54896,14461,12.9,13,8.4,23.6,16.8,2.9,15.9,16.9
1980,Q4,140171,92331,17583,39904,4107,52939,22922,61377,14065,8.6,11,12.3,15.3,15.7,2.2,19.7,19.9
1981,Q1,141343,90638,22557,42975,13460,49506,26684,58785,17899,10.8,13.2,39.6,8.7,19.6,10.8,18.7,29.6
1981,Q2,146399,89706,17987,44622,2863,55508,26595,62744,15890,6.3,9.1,16.2,13.6,10.4,6,11.7,14
1981,Q3,152342,90298,18328,43804,2191,59763,26150,62204,16657,6.3,3.2,13.1,7.6,13.1,9.5,13.3,15.2
1981,Q4,159166,97364,20554,42766,2657,60422,26071,63796,15087,13.6,5.5,16.9,7.2,14.1,13.7,3.9,7.3
1982,Q1,149477,96303,21648,45555,-4629,48625,28505,55599,17409,5.8,6.3,-4,6,-1.8,6.8,-5.4,-2.7
1982,Q2,148590,90751,20592,42088,4417,53135,27408,59775,16502,1.5,1.2,14.5,-5.7,-4.3,3.1,-4.7,3.9
1982,Q3,157327,99186,21148,46068,50,56583,26797,61056,17617,3.3,9.8,15.4,5.2,-5.3,2.5,-1.8,5.8
1982,Q4,161153,100991,20554,43781,1161,59513,26656,63337,15779,1.2,3.7,0,2.4,-1.5,2.2,-0.7,4.6
1983,Q1,150297,102913,22492,40862,-10760,49310,27708,54198,18659,0.5,6.9,3.9,-10.3,1.4,-2.8,-2.5,7.2
1983,Q2,157922,100550,22143,39274,4223,59465,28805,64340,18364,6.3,10.8,7.5,-6.7,11.9,5.1,7.6,11.3
1983,Q3,169336,106192,22302,41550,2557,66874,29199,67158,20548,7.6,7.1,5.5,-9.8,18.2,9,10,16.6
1983,Q4,176075,107809,22327,41365,6620,71690,30554,73641,19555,9.3,6.8,8.6,-5.5,20.5,14.6,16.3,23.9
1984,Q1,169061,109274,23780,40474,-269,64893,31804,65391,22404,12.5,6.2,5.7,-1,31.6,14.8,20.7,20.1
1984,Q2,180422,104759,22161,41951,9886,73720,33027,73798,22126,14.2,4.2,0.1,6.8,24,14.7,14.7,20.5
1984,Q3,187553,113259,23655,42123,1767,80372,31786,74846,22811,10.8,6.7,6.1,1.4,20.2,8.9,11.4,11
1984,Q4,181972,114724,23378,42883,1906,81003,31222,80062,22145,3.3,6.4,4.7,3.7,13,2.2,8.7,13.2
1985,Q1,179175,113002,24307,42041,698,73238,35661,72161,24789,6,3.4,2.2,3.9,12.9,12.1,10.4,10.6
1985,Q2,175805,111162,22713,42251,1097,78746,34684,79398,24165,-2.6,6.1,2.5,0.7,6.8,5,7.6,9.2
1985,Q3,182802,115514,24182,40118,-74,80765,31532,75389,24399,-2.5,2,2.2,-4.8,0.5,-0.8,0.7,7
1985,Q4,186366,121090,24611,43178,2034,82779,32280,82643,24058,2.4,5.5,5.3,0.7,2.2,3.4,3.2,8.6
1986,Q1,180214,121719,25862,41668,-1666,70279,34988,70826,26806,0.6,7.7,6.4,-0.9,-4,-1.9,-1.9,8.1
1986,Q2,190671,118073,24466,42366,7503,84741,37149,84615,27356,8.5,6.2,7.7,0.3,7.6,7.1,6.6,13.2
1986,Q3,213775,127058,25344,43998,3437,96340,38777,87022,28959,16.9,10,4.8,9.7,19.3,23,15.4,18.7
1986,Q4,219895,133278,26207,49738,3765,105159,40574,100306,29847,18,10.1,6.5,15.2,27,25.7,21.4,24.1
1987,Q1,203916,133081,26964,48181,882,94417,41378,93385,32632,13.2,9.3,4.3,15.6,34.3,18.3,31.9,21.7
1987,Q2,216504,134401,24982,48844,5262,113019,43512,109264,33958,13.5,13.8,2.1,15.3,33.4,17.1,29.1,24.1
1987,Q3,246250,141021,26140,52502,4076,127678,45309,112847,35506,15.2,11,3.1,19.3,32.5,16.8,29.7,22.6
1987,Q4,245658,144911,27075,53428,9017,130612,47145,122720,36318,11.7,8.7,3.3,7.4,24.2,16.2,22.3,21.7
1988,Q1,223689,147145,27408,51483,-3553,116310,45874,109906,38970,9.7,10.6,1.6,6.9,23.2,10.9,17.7,19.4
1988,Q2,235899,144218,26041,54436,11149,137382,48225,134729,40116,9,7.3,4.2,11.4,21.6,10.8,23.3,18.1
1988,Q3,264119,152986,28481,56187,9714,159895,47437,144142,43163,7.3,8.5,9,7,25.2,4.7,27.7,21.6
1988,Q4,266275,160922,27442,57366,9000,165656,49629,154331,43077,8.4,11,1.4,7.4,26.8,5.3,25.8,18.6
1989,Q1,239023,157571,29833,57463,4280,138386,47209,136794,43732,6.9,7.1,8.8,11.6,19,2.9,24.5,12.2
1989,Q2,242851,150956,27391,58158,9403,155222,48106,152043,43154,2.9,4.7,5.2,6.8,13,-0.2,12.9,7.6
1989,Q3,264835,157577,28199,57701,-4932,170017,47416,144686,46253,0.3,3,-1,2.7,6.3,0,0.4,7.2
1989,Q4,265815,162332,29673,54796,-2545,164578,49647,143174,45779,-0.2,0.9,8.1,-4.5,-0.7,0,-7.2,6.3
1990,Q1,241177,158537,31753,58335,-1879,139091,47938,133061,46078,0.9,0.6,6.4,1.5,0.5,1.5,-2.7,5.4
1990,Q2,253663,160126,28061,61486,8911,164098,50181,159136,49515,4.5,6.1,2.4,5.7,5.7,4.3,4.7,14.7
1990,Q3,277894,172087,30742,61992,1833,180024,49662,159061,53951,4.9,9.2,9,7.4,5.9,4.7,9.9,16.6
1990,Q4,278575,177038,30609,64966,1660,194279,50870,179061,53861,4.8,9.1,3.2,18.6,18,2.5,25.1,17.7
1991,Q1,255817,170601,34018,61151,8056,159209,49616,155440,55339,6.1,7.6,7.1,4.8,14.5,3.5,16.8,20.1
1991,Q2,267084,174896,31591,67608,10592,187438,52261,187920,54385,5.3,9.2,12.6,10,14.2,4.1,18.1,9.8
1991,Q3,292277,190588,32243,69207,-4377,212426,51666,190219,62845,5.2,10.8,4.9,11.6,18,4,19.6,16.5
1991,Q4,296077,193531,33138,72075,-6771,226727,53954,203142,67460,6.3,9.3,8.3,10.9,16.7,6.1,13.4,25.2
1992,Q1,271860,186653,37976,66083,2651,194190,54403,189264,64765,6.3,10,7,8.1,22,9.6,21.8,17
1992,Q2,284837,190461,36141,74449,11287,228107,56910,232694,62796,6.6,9.5,9.6,10.1,21.7,8.9,23.8,15.5
1992,Q3,311896,206180,37272,76308,-6150,251629,57244,229845,72546,6.7,8.8,10.8,10.3,18.5,10.8,20.8,15.4
1992,Q4,311948,208937,37288,77410,3403,265103,57778,252775,73128,5.4,8.5,7.8,7.4,16.9,7.1,24.4,8.4
1993,Q1,289181,201072,38045,71269,2404,227925,57068,228135,63545,6.4,7.7,0.2,7.8,17.4,4.9,20.5,-1.9
1993,Q2,302168,207367,37869,77514,10499,258835,59912,265126,67150,6.1,8.9,4.8,4.1,13.5,5.3,13.9,6.9
1993,Q3,330390,216810,38224,77667,845,290193,61781,268245,77176,5.9,5.2,2.6,1.8,15.3,7.9,16.7,6.4
1993,Q4,332009,229145,38436,76460,-9471,287896,61449,268612,72479,6.4,9.7,3.1,-1.2,8.6,6.4,6.3,-0.9
1994,Q1,312037,221736,39686,82070,-7821,248674,61772,247754,71650,7.9,10.3,4.3,15.2,9.1,8.2,8.6,12.8
1994,Q2,322623,220059,39627,89135,22941,286102,62566,304051,74363,6.8,6.1,4.6,15,10.5,4.4,14.7,10.7
1994,Q3,345533,226616,39618,85667,16140,318401,64502,305862,85578,4.6,4.5,3.6,10.3,9.7,4.4,14,10.9
1994,Q4,349232,241508,39706,91388,3512,316764,66036,316233,79240,5.2,5.4,3.3,19.5,10,7.5,17.7,9.3
1995,Q1,324142,226370,40946,88802,13954,286828,63194,304699,73420,3.9,2.1,3.2,8.2,15.3,2.3,23,2.5
1995,Q2,332077,225802,40180,95212,30607,320265,64220,351897,73679,2.9,2.6,1.4,6.8,11.9,2.6,15.7,-0.9
1995,Q3,349916,227699,41456,94863,14518,359130,66079,353506,88550,1.3,0.5,4.6,10.7,12.8,2.4,15.6,3.5
1995,Q4,354848,244871,41249,94780,9245,337942,67118,348490,76782,1.6,1.4,3.9,3.7,6.7,1.6,10.2,-3.1
1996,Q1,332165,232345,41917,95690,3505,307921,68629,324185,79307,2.5,2.6,2.4,7.8,7.4,8.6,6.4,8
1996,Q2,344184,230637,42088,103091,14429,336981,69637,357900,80354,3.6,2.1,4.7,8.3,5.2,8.4,1.7,9.1
1996,Q3,366601,238123,43316,101270,1742,373756,71606,359329,93237,4.8,4.6,4.5,6.8,4.1,8.4,1.6,5.3
1996,Q4,375991,258082,43179,113480,-3636,360381,74416,369616,88405,6,5.4,4.7,19.7,6.6,10.9,6.1,15.1
1997,Q1,351612,241211,44038,112020,7424,323450,69920,351031,81416,5.9,3.8,5.1,17.1,5,1.9,8.3,2.7
1997,Q2,369920,249177,44983,117783,8649,368100,68986,390485,84756,7.5,8,6.9,14.3,9.2,-0.9,9.1,5.5
1997,Q3,389599,257691,43261,115670,12910,405658,66920,395594,103930,6.3,8.2,-0.1,14.2,8.5,-6.5,10.1,11.5
1997,Q4,380172,264244,43110,124645,-9743,397975,65552,402696,94759,1.1,2.4,-0.2,9.8,10.4,-11.9,8.9,7.2
1998,Q1,342219,237197,45229,111067,-3487,330852,61084,339851,89005,-2.7,-1.7,2.7,-0.9,2.3,-12.6,-3.2,9.3
1998,Q2,347787,239515,42375,120190,-602,357064,60147,371414,90785,-6,-3.9,-5.8,2,-3,-12.8,-4.9,7.1
1998,Q3,357382,236366,45199,102519,-4432,370983,64084,337305,107793,-8.3,-8.3,4.5,-11.4,-8.5,-4.2,-14.7,3.7
1998,Q4,356186,243603,44549,101582,-17288,359759,66687,334305,98576,-6.3,-7.8,3.3,-18.5,-9.6,1.7,-17,4
1999,Q1,331798,227982,47124,90738,-12319,306894,64227,293093,87194,-3,-3.9,4.2,-18.3,-7.2,5.1,-13.8,-2
1999,Q2,349341,241885,43872,91436,-7933,344766,64619,327783,89322,0.4,1,3.5,-23.9,-3.4,7.4,-11.7,-1.6
1999,Q3,371683,242869,45330,90810,1053,394423,72568,351910,108583,4,2.8,0.3,-11.4,6.3,13.2,4.3,0.7
1999,Q4,385936,253947,47192,91250,2677,401263,76220,369293,100755,8.4,4.2,5.9,-10.2,11.5,14.3,10.5,2.2
2000,Q1,367230,242658,48990,92228,6862,371310,71103,359788,90654,10.7,6.4,4,1.6,21,10.7,22.8,4
2000,Q2,375243,253313,45228,93505,6682,411251,72420,396490,97251,7.4,4.7,3.1,2.3,19.3,12.1,21,8.9
2000,Q3,398529,251252,46727,103354,5368,473843,77977,426935,121048,7.2,3.5,3.1,13.8,20.1,7.5,21.3,11.5
2000,Q4,408015,263113,47063,103836,3019,459214,78519,429861,103598,5.7,3.6,-0.3,13.8,14.4,3,16.4,2.8
2001,Q1,374757,250854,51868,101404,1419,387675,74355,384204,95063,2,3.4,5.9,9.9,4.4,4.6,6.8,4.9
2001,Q2,379373,260389,47574,96237,2551,408363,76545,398519,100113,1.1,2.8,5.2,2.9,-0.7,5.7,0.5,2.9
2001,Q3,399002,253457,50138,106612,-4404,454416,78901,416312,112524,0.1,0.9,7.3,3.2,-4.1,1.2,-2.5,-7
2001,Q4,404572,259785,50333,99488,-6878,434377,80132,390655,108073,-0.8,-1.3,6.9,-4.2,-5.4,2.1,-9.1,4.3
2002,Q1,372579,252992,53138,89917,-2734,377572,77062,366263,94394,-0.6,0.9,2.4,-11.3,-2.6,3.6,-4.7,-0.7
2002,Q2,381255,254758,49242,95771,2914,426391,82212,421616,96023,0.5,-2.2,3.5,-0.5,4.4,7.4,5.8,-4.1
2002,Q3,408391,250510,52084,102377,3220,513470,87864,469404,120752,2.4,-1.2,3.9,-4,13,11.4,12.8,7.3
2002,Q4,421285,255505,51185,99967,6461,508330,92805,468012,111961,4.1,-1.6,1.7,0.5,17,15.8,19.8,3.6
2003,Q1,387010,242285,53939,94804,6096,453442,85922,444776,93290,3.9,-4.2,1.5,5.4,20.1,11.5,21.4,-1.2
2003,Q2,379109,242900,49731,91939,2327,487648,68902,473489,84228,-0.6,-4.7,1,-4,14.4,-16.2,12.3,-12.3
2003,Q3,424685,249771,52719,103767,-2724,570786,95032,518427,119951,4,-0.3,1.2,1.4,11.2,8.2,10.4,-0.7
2003,Q4,441103,263022,54148,103399,8935,585229,101479,555677,111066,4.7,2.9,5.8,3.4,15.1,9.3,18.7,-0.8
2004,Q1,417615,257238,57236,99136,17211,528431,99618,527993,102277,7.9,6.2,6.1,4.6,16.5,15.9,18.7,9.6
2004,Q2,425081,268939,50097,100985,13934,584003,98744,580641,104351,12.1,10.7,0.7,9.8,19.8,43.3,22.6,23.9
2004,Q3,454017,263008,52477,104911,-4046,653107,108855,594947,126105,6.9,5.3,-0.5,1.1,14.4,14.5,14.8,5.1
2004,Q4,477171,279921,53646,102098,-15077,659634,110712,591261,120955,8.2,6.4,-0.9,-1.3,12.7,9.1,6.4,8.9
2005,Q1,444244,265862,55161,101440,-6771,583260,111101,548205,112803,6.4,3.4,-3.6,2.3,10.4,11.5,3.8,10.3
2005,Q2,456121,275455,49211,106355,-3719,657447,108914,623588,112575,7.3,2.4,-1.8,5.3,12.6,10.3,7.4,7.9
2005,Q3,491883,273433,51759,107483,1121,749222,120378,665380,143456,8.3,4,-1.4,2.5,14.7,10.6,11.8,13.8
2005,Q4,512694,292242,51842,108234,2223,736365,122197,668017,130427,7.4,4.4,-3.4,6,11.6,10.4,13,7.8
2006,Q1,484241,282274,56216,108243,-1343,667333,122297,621362,125632,9,6.2,1.9,6.7,14.4,10.1,13.3,11.4
2006,Q2,483967,295383,48857,110735,-503,697388,120815,660057,126252,6.1,7.2,-0.7,4.1,6.1,10.9,5.8,12.1
2006,Q3,523315,285761,51778,118265,-3103,814977,130818,717572,155804,6.4,4.5,0,10,8.8,8.7,7.8,8.6
2006,Q4,547386,311052,52977,116203,2833,825648,134089,741900,151718,6.8,6.4,2.2,7.4,12.1,9.7,11.1,16.3
2007,Q1,512685,298276,58003,108338,1444,700963,144192,664635,132175,5.9,5.7,3.2,0.1,5,17.9,7,5.2
2007,Q2,513836,318218,50688,117452,5556,770429,136677,741019,141155,6.2,7.7,3.7,6.1,10.5,13.1,12.3,11.8
2007,Q3,558419,317989,53049,116881,300,870613,153883,790593,162834,6.7,11.3,2.5,-1.2,6.8,17.6,10.2,4.5
2007,Q4,585781,341557,54722,125108,11968,869944,153894,814686,154898,7,9.8,3.3,7.7,5.4,14.8,9.8,2.1
2008,Q1,548755,323451,58231,121384,-1105,776096,157432,738960,146422,7,8.4,0.4,12,10.7,9.2,11.2,10.8
2008,Q2,534412,329348,52304,125312,4472,809115,146547,792425,139158,4,3.5,3.2,6.7,5,7.2,6.9,-1.4
2008,Q3,563692,318188,54291,122134,2661,877268,159317,808652,160809,0.9,0.1,2.3,4.5,0.8,3.5,2.3,-1.2
2008,Q4,570054,329291,56021,105450,5352,853581,154464,783291,151216,-2.7,-3.6,2.4,-15.7,-1.9,0.4,-3.9,-2.4
2009,Q1,506146,303951,59032,106814,-8456,604925,150728,597146,114936,-7.8,-6,1.4,-12,-22.1,-4.3,-19.2,-21.5
2009,Q2,517975,329959,53662,109658,-8410,731929,142652,720593,122385,-3.1,0.2,2.6,-12.5,-9.5,-2.7,-9.1,-12.1
2009,Q3,554139,321646,56118,124180,22001,777122,164474,765377,142926,-1.7,1.1,3.4,1.7,-11.4,3.2,-5.4,-11.1
2009,Q4,584138,347053,57165,117183,27731,828867,170352,823019,140114,2.5,5.4,2,11.1,-2.9,10.3,5.1,-7.3
2010,Q1,546278,326656,61286,115386,36696,736416,178485,774623,130159,7.9,7.5,3.8,8,21.7,18.4,29.7,13.2
2010,Q2,551014,342619,55502,126407,12354,875580,167779,891838,138966,6.4,3.8,3.4,15.3,19.6,17.6,23.8,13.5
2010,Q3,590275,338038,58208,124360,-7017,953387,191016,918154,155057,6.5,5.1,3.7,0.1,22.7,16.1,20,8.5
2010,Q4,621175,374938,58557,126895,10002,908097,187113,899250,148380,6.3,8,2.4,8.3,9.6,9.8,9.3,5.9
2011,Q1,587824,352889,63164,121152,10630,870429,189055,886458,136054,7.6,8,3.1,5,18.2,5.9,14.4,4.5
2011,Q2,579117,377867,56531,138074,7300,880870,180386,926384,135982,5.1,10.3,1.9,9.2,0.6,7.5,3.9,-2.1
2011,Q3,613419,370404,59289,141178,-3971,939162,200091,945323,151523,3.9,9.6,1.9,13.5,-1.5,4.8,3,-2.3
2011,Q4,639541,397099,60300,143083,785,943887,195867,957845,147817,3,5.9,3,12.8,3.9,4.7,6.5,-0.4
2012,Q1,592582,375942,65100,133094,2580,841648,196948,881997,140794,0.8,6.5,3.1,9.9,-3.3,4.2,-0.5,3.5
2012,Q2,584832,391251,58829,143444,-141,901169,186195,956989,137407,1,3.5,4.1,3.9,2.3,3.2,3.3,1
2012,Q3,624313,380612,61686,148565,-7324,999234,199703,1009042,153187,1.8,2.8,4,5.2,6.4,-0.2,6.7,1.1
2012,Q4,659320,411923,62188,155273,1269,1012430,203396,1037992,152761,3.1,3.7,3.1,8.5,7.3,3.8,8.4,3.3
2013,Q1,612962,401449,66603,127401,7869,921366,205002,978413,137492,3.4,6.8,2.3,-4.3,9.5,4.1,10.9,-2.3
2013,Q2,602816,410823,60925,153625,-9197,970862,201212,1050657,133319,3.1,5,3.6,7.1,7.7,8.1,9.8,-3
2013,Q3,643488,391687,63371,151232,-1001,1079620,211064,1108091,148439,3.1,2.9,2.7,1.8,8,5.7,9.8,-3.1
2013,Q4,678111,427828,63606,162998,1066,1090904,215759,1134319,152471,2.9,3.9,2.3,5,7.8,6.1,9.3,-0.2
2014,Q1,631117,410118,68295,133835,5942,930633,217577,1005145,131615,3,2.2,2.5,5.1,1,6.1,2.7,-4.3
2014,Q2,616088,419688,62504,144259,6820,995384,197136,1073810,133818,2.2,2.2,2.6,-6.1,2.5,-2,2.2,0.4
2014,Q3,664278,410758,65644,147387,-4932,1081147,214878,1108859,146596,3.2,4.9,3.6,-2.5,0.1,1.8,0.1,-1.2
2014,Q4,695987,445721,65859,169099,553,1089707,216897,1146655,147347,2.6,4.2,3.5,3.7,-0.1,0.5,1.1,-3.4
2015,Q1,645970,430277,71029,139851,-6268,936296,220495,1007262,139559,2.4,4.9,4,4.5,0.6,1.3,0.2,6
2015,Q2,635130,449214,64779,148545,-8676,955998,202777,1035985,140036,3.1,7,3.6,3,-4,2.9,-3.5,4.6
2015,Q3,679421,429019,67470,136633,-8017,1048581,216478,1062426,153131,2.3,4.4,2.8,-7.3,-3,0.7,-4.2,4.5
2015,Q4,709211,458067,68004,150634,1553,1085282,209570,1112926,154356,1.9,2.8,3.3,-10.9,-0.4,-3.4,-2.9,4.8
2016,Q1,653392,437170,73287,129024,-3172,901325,207917,947515,145674,1.1,1.6,3.2,-7.7,-3.7,-5.7,-5.9,4.4
2016,Q2,646602,450035,67210,140022,1349,977685,189985,1039655,140480,1.8,0.2,3.8,-5.7,2.3,-6.3,0.4,0.3
2016,Q3,694800,437906,69862,146371,422,1072618,210264,1091834,154573,2.3,2.1,3.5,7.1,2.3,-2.9,2.8,0.9
2016,Q4,733016,476881,70256,159592,1871,1137271,211260,1169463,158086,3.4,4.1,3.3,5.9,4.8,0.8,5.1,2.4
2017,Q1,682545,453365,74971,137067,3887,991329,213937,1046729,147096,4.5,3.7,2.3,6.2,10,2.9,10.5,1
2017,Q2,671612,475812,69016,149654,1663,1033504,193007,1104784,147557,3.9,5.7,2.7,6.9,5.7,1.6,6.3,5
2017,Q3,718986,465008,72382,142142,540,1142175,216355,1165950,156933,3.5,6.2,3.6,-2.9,6.5,2.9,6.8,1.5
2017,Q4,758218,506875,72211,164115,6609,1185685,218745,1239936,159450,3.4,6.3,2.8,2.8,4.3,3.5,6,0.9
2018,Q1,713419,492735,78062,143697,-2910,1040135,229983,1116283,153695,4.5,8.7,4.1,4.8,4.9,7.5,6.6,4.5
2018,Q2,694109,503158,72109,151767,2612,1080469,203440,1172253,149108,3.3,5.7,4.5,1.4,4.5,5.4,6.1,1.1
2018,Q3,737756,486078,74788,153588,13457,1199043,221905,1253497,161537,2.6,4.5,3.3,8.1,5,2.6,7.5,2.9
2018,Q4,766684,519668,75860,153943,-1133,1183905,225717,1230634,163619,1.1,2.5,5.1,-6.2,-0.2,3.2,-0.8,2.6
2019,Q1,715586,497019,81562,132638,-5520,991943,230489,1058922,155292,0.3,0.9,4.5,-7.7,-4.6,0.2,-5.1,1
2019,Q2,694632,511264,74865,130174,-1158,1013835,202867,1082537,155611,0.1,1.6,3.8,-14.2,-6.2,-0.3,-7.7,4.4
2019,Q3,714038,471556,79540,126364,-1400,1107117,191765,1103401,158987,-3.2,-3,6.4,-17.7,-7.7,-13.6,-12,-1.6
2019,Q4,738842,505838,80101,123754,5378,1145131,170923,1134247,158831,-3.6,-2.7,5.6,-19.6,-3.3,-24.3,-7.8,-2.9
2020,Q1 r,649133,440612,89290,111627,23975,884875,152441,930706,121755,-9.3,-11.3,9.5,-15.8,-10.8,-33.9,-12.1,-21.6
2020,Q2 r,629244,437506,82154,102438,1105,979914,113617,997866,90448,-9.4,-14.4,9.7,-21.3,-3.3,-44,-7.8,-41.9
2020,Q3 r,685114,430761,85045,113828,4318,1138209,129716,1112512,105206,-4.1,-8.7,6.9,-9.9,2.8,-32.4,0.8,-33.8
2020,Q4 r,712217,468658,84442,125974,22610,1195340,123173,1198579,108848,-3.6,-7.4,5.4,1.8,4.4,-27.9,5.7,-31.5
2021,Q1 r,700822,450658,94926,117688,-2099,1155746,139717,1147585,108229,8,2.3,6.3,5.4,30.6,-8.3,23.3,-11.1
2021,Q2 r,676798,469643,84493,126840,11437,1181049,118102,1214578,100188,7.6,7.3,2.8,23.8,20.5,3.9,21.7,10.8
2021,Q3 r,722378,458657,89420,128654,18942,1299663,137236,1298762,111432,5.4,6.5,5.1,13,14.2,5.8,16.7,5.9
2021,Q4 r,745433,493715,87872,125188,-18295,1356348,131615,1317259,113751,4.7,5.3,4.1,-0.6,13.5,6.9,9.9,4.5
2022,Q1 r,672617,425929,100575,107840,-17027,1103459,135835,1079425,104569,-4,-5.5,6,-8.4,-4.5,-2.8,-5.9,-3.4
,,,,,,,,,,,,,,,,,,
Note(s) :,,,,,,,,,,,,,,,,,,
Figures in this table are the latest data released on 13 May 2022.,,,,,,,,,,,,,,,,,,
"In Hong Kong, the first released figures on GDP by expenditure component in respect of a period are called ""advance estimates"". When more data become available, the figures will be revised. All those figures published subsequently, after the advance estimates, are called ""revised figures"". These ""revised figures"" are still subject to further regular revision later on when more data are incorporated. This routine revision is in accordance with the international practice to compile and release GDP figures at the earliest possible time by using only partial data. In general, the figures are finalised when finalised data from all regular sources are incorporated.",,,,,,,,,,,,,,,,,,
"The chained (2020) dollar series is derived by extrapolation of the current price value for the reference year (2020) backward and forward using the chain volume index as the extrapolator. As the extrapolation process is carried out for GDP and its components independently in calculating the chained dollar series, discrepancies may exist between the chain volume measure of GDP and the sum of the chain volume measures of its components.",,,,,,,,,,,,,,,,,,
"The GDP for 2022 is forecast to increase by 1% to 2% in real terms. For more information on the forecast of GDP, please visit the website of the Office of the Government Economist.",,,,,,,,,,,,,,,,,,
'0.0'   Increase or decrease of less than 0.05%,,,,,,,,,,,,,,,,,,
"1 The reference year for the chain volume measures of GDP and its components has been revised from 2019 to 2020. Re-referencing affects the levels, but not the rates of change, of the chain volume measures. Apart from re-referencing, the volume estimates for 2021 previously valued at 2019 prices have also been revalued at 2020 prices. This rebasing of the volume measures affects the real growth rates of the annual and quarterly GDP for 2021.",,,,,,,,,,,,,,,,,,
2 Figures are compiled based on the change of ownership principle in recording goods sent abroad for processing and merchanting under the standards stipulated in the System of National Accounts 2008.  Users should note that the figures of exports and imports of goods in this table are different from those published in external merchandise trade statistics which are not compiled based on the change of ownership principle.,,,,,,,,,,,,,,,,,,
N.A. Not available,,,,,,,,,,,,,,,,,,
r Revised figure,,,,,,,,,,,,,,,,,,
,,,,,,,,,,,,,,,,,,
Source :,,,,,,,,,,,,,,,,,,
"National Income Section (1)1,",,,,,,,,,,,,,,,,,,
Census and Statistics Department,,,,,,,,,,,,,,,,,,
(Enquiry telephone no. : 2582 5077,,,,,,,,,,,,,,,,,,
Enquiry e-mail : gdp-e@censtatd.gov.hk),,,,,,,,,,,,,,,,,,
,,,,,,,,,,,,,,,,,,
"Release Date: 13 May, 2022",,,,,,,,,,,,,,,,,,
